Title,Company,Link
python 백앤드개발자,블록스퀘어서울,합격보상금 100만원,https://www.wanted.co.kr/wd/233060
시니어 파이썬 백엔드 엔지니어,알로카도스,합격보상금 100만원,https://www.wanted.co.kr/wd/232077
Python application & Algorithm 개발자,메디픽셀,합격보상금 100만원,https://www.wanted.co.kr/wd/190006
(AI 서비스) 자연어처리(NLP)/ Python 엔진 개발,아일리스프런티어(ailysfrontier),합격보상금 100만원,https://www.wanted.co.kr/wd/231720
Python / 서버 백엔드 개발자,브레인다이브,합격보상금 100만원,https://www.wanted.co.kr/wd/233224
Python Django 기반 서버 개발,블리몽키즈,합격보상금 100만원,https://www.wanted.co.kr/wd/184372
"코박(Cobak) 백엔드 개발자[3년 이상] (Python, Django)",판도라티비,합격보상금 100만원,https://www.wanted.co.kr/wd/209286
Python 백엔드 서버 개발자,알스퀘어,합격보상금 100만원,https://www.wanted.co.kr/wd/228926
python 백앤드개발자,블록스퀘어서울,합격보상금 100만원,https://www.wanted.co.kr/wd/233060
시니어 파이썬 백엔드 엔지니어,알로카도스,합격보상금 100만원,https://www.wanted.co.kr/wd/232077
Python application & Algorithm 개발자,메디픽셀,합격보상금 100만원,https://www.wanted.co.kr/wd/190006
(AI 서비스) 자연어처리(NLP)/ Python 엔진 개발,아일리스프런티어(ailysfrontier),합격보상금 100만원,https://www.wanted.co.kr/wd/231720
Python / 서버 백엔드 개발자,브레인다이브,합격보상금 100만원,https://www.wanted.co.kr/wd/233224
Python Django 기반 서버 개발,블리몽키즈,합격보상금 100만원,https://www.wanted.co.kr/wd/184372
"코박(Cobak) 백엔드 개발자[3년 이상] (Python, Django)",판도라티비,합격보상금 100만원,https://www.wanted.co.kr/wd/209286
Python 백엔드 서버 개발자,알스퀘어,합격보상금 100만원,https://www.wanted.co.kr/wd/228926
커머스 마케팅 솔루션 Python Backend 리드,샐러드랩,합격보상금 100만원,https://www.wanted.co.kr/wd/209397
"NestJS, Python 백엔드 팀장",씨에스엠17,합격보상금 100만원,https://www.wanted.co.kr/wd/218163
"[전문연구요원 가능] C/C++, Python 로봇 제어 개발자 (신입)",메디인테크,합격보상금 100만원,https://www.wanted.co.kr/wd/147487
파이썬 개발자,언오픈드,합격보상금 100만원,https://www.wanted.co.kr/wd/226068
Python 개발자,버블콘,합격보상금 100만원,https://www.wanted.co.kr/wd/227687
백엔드 엔지니어 (Python/Django),뮤즈라이브(Muzlive),합격보상금 100만원,https://www.wanted.co.kr/wd/18295
글로벌 백엔드 엔지니어 (Python),엘리스,합격보상금 100만원,https://www.wanted.co.kr/wd/182859
[개발] JAVA/Python 개발(5년차 이상),아이알큐더스,합격보상금 100만원,https://www.wanted.co.kr/wd/213909
풀스택 웹 개발자 (Python/Django),웜블러드,합격보상금 100만원,https://www.wanted.co.kr/wd/142233
"[전문연구요원 가능] C/C++, Python 로봇 제어 개발자",메디인테크,합격보상금 100만원,https://www.wanted.co.kr/wd/100407
리드 개발자 (Python/Rust),베링랩,합격보상금 100만원,https://www.wanted.co.kr/wd/206209
"백엔드 개발자 Node.js, Python/5년 이상",딥세일즈,합격보상금 100만원,https://www.wanted.co.kr/wd/211459
백엔드 리드 엔지니어 (Python),엘리스,합격보상금 100만원,https://www.wanted.co.kr/wd/230306
"C#, C++, Python, IoT MCU(아두이노,RPi) 개발자",아이티로그,합격보상금 100만원,https://www.wanted.co.kr/wd/187186
파이썬 개발자 [채용솔루션팀],원티드랩,합격보상금 100만원,https://www.wanted.co.kr/wd/230201
Python Back-end Engineer,올거나이즈코리아(Allganize Korea),합격보상금 100만원,https://www.wanted.co.kr/wd/160068
파이썬(Python)  백엔드 개발 (3년 이상),이글루코퍼레이션,합격보상금 100만원,https://www.wanted.co.kr/wd/230142
파이썬(Python) 개발자,에잇퍼센트(8PERCENT),합격보상금 100만원,https://www.wanted.co.kr/wd/224963
백엔드 엔지니어 (Python),아이네블루메(채티),합격보상금 100만원,https://www.wanted.co.kr/wd/60926
[플레이오] Python 백엔드 개발,지엔에이컴퍼니,합격보상금 100만원,https://www.wanted.co.kr/wd/193602
Back-End (Python) 개발자,미니레코드,합격보상금 100만원,https://www.wanted.co.kr/wd/233284
파이썬 프로그램 개발자,뉴로다임,합격보상금 100만원,https://www.wanted.co.kr/wd/231640
백엔드 엔지니어 (Python),버핏서울,합격보상금 100만원,https://www.wanted.co.kr/wd/197592
백엔드 개발자 (python),피알앤디컴퍼니(헤이딜러),합격보상금 100만원,https://www.wanted.co.kr/wd/59335
파이썬(AWS) 개발자,한국미용데이터,합격보상금 100만원,https://www.wanted.co.kr/wd/231910
파이썬(Python) 개발자 - 병역특례,에잇퍼센트(8PERCENT),합격보상금 100만원,https://www.wanted.co.kr/wd/226155
백엔드 엔지니어 (Python),엘리스,합격보상금 100만원,https://www.wanted.co.kr/wd/57878
Python BackEnd Developer,에이젠글로벌,합격보상금 100만원,https://www.wanted.co.kr/wd/229829
Python Backend Engineer,에임(AIM),합격보상금 100만원,https://www.wanted.co.kr/wd/2447
[Python] Back-end Developer,단비교육,합격보상금 100만원,https://www.wanted.co.kr/wd/216881
[신입] 백엔드 엔지니어 (Python),엘리스,합격보상금 100만원,https://www.wanted.co.kr/wd/162405
파이썬 백엔드 개발자,에이드파트너스,합격보상금 100만원,https://www.wanted.co.kr/wd/221445
데이터 엔지니어 (Python),핀다(FINDA),합격보상금 100만원,https://www.wanted.co.kr/wd/180080
백엔드 개발자 (Python),바로팜,합격보상금 100만원,https://www.wanted.co.kr/wd/66521
[인텔리전스랩스] 선행프로덕트팀 백엔드 개발자 (Python/Go),넥슨코리아(NEXON),합격보상금 100만원,https://www.wanted.co.kr/wd/211877
[인텔리전스랩스] 소셜메이킹팀 백엔드 개발자 (Python),넥슨코리아(NEXON),합격보상금 100만원,https://www.wanted.co.kr/wd/205855
[인텔리전스랩스] MLOps팀 백엔드 개발자 (Python/Go),넥슨코리아(NEXON),합격보상금 100만원,https://www.wanted.co.kr/wd/151721
Senior Full-stack React & Python Developer,Lemon.io,Full-Time,Latin America Only/Europe Only/UK Only/Canada Only/Asia Only/Oceania Only,/remote-jobs/lemon-io-senior-full-stack-react-python-developer
Full Stack (React/Python) Developer,Input Logic,Full-Time,Canada Only,/remote-jobs/input-logic-full-stack-react-python-developer
"Senior Open Source Developer & DevOps (Python, Django, React, AWS/Kubernetes)",OpenCraft,Full-Time,Anywhere in the World,/remote-jobs/opencraft-senior-open-source-developer-devops-python-django-react-aws-kubernetes
Senior/Staff Software Engineer - Backend/Python - USA (100% Remote),Close,Full-Time,USA Only,/remote-jobs/close-senior-staff-software-engineer-backend-python-usa-100-remote-3
Software Engineer for AI Training Data (Python),G2i Inc.,Contract,Anywhere in the World,/remote-jobs/g2i-inc-software-engineer-for-ai-training-data-python
